{"web":{"client_id":"1060090044718-3u6r68u78ip4r7b31ngkoomu6ba22649.apps.googleusercontent.com",
"project_id":"white-device-393114",
"auth_uri":"https://accounts.google.com/o/oauth2/auth",
"token_uri":"https://oauth2.googleapis.com/token",
"auth_provider_x509_cert_url":"https://www.googleapis.com/oauth2/v1/certs",
"client_secret":"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",
"redirect_uris":["http://127.0.0.1:8000/accounts/google/login/callback/",
"http://127.0.0.1:8000/login"],"javascript_origins":["http://127.0.0.1:8000"]}}